-- phpMyAdmin SQL Dump
-- version 4.8.3
-- https://www.phpmyadmin.net/
--
-- Máy chủ: 127.0.0.1
-- Thời gian đã tạo: Th4 21, 2019 lúc 10:27 AM
-- Phiên bản máy phục vụ: 10.1.37-MariaDB
-- Phiên bản PHP: 7.2.12

SET SQL_MODE = "NO_AUTO_VALUE_ON_ZERO";
SET AUTOCOMMIT = 0;
START TRANSACTION;
SET time_zone = "+00:00";


/*!40101 SET @OLD_CHARACTER_SET_CLIENT=@@CHARACTER_SET_CLIENT */;
/*!40101 SET @OLD_CHARACTER_SET_RESULTS=@@CHARACTER_SET_RESULTS */;
/*!40101 SET @OLD_COLLATION_CONNECTION=@@COLLATION_CONNECTION */;
/*!40101 SET NAMES utf8mb4 */;

--
-- Cơ sở dữ liệu: `quanlysieuthidienthoai`
--

-- --------------------------------------------------------

--
-- Cấu trúc bảng cho bảng `chitiethoadon`
--

CREATE TABLE `chitiethoadon` (
  `MaHD` varchar(10) COLLATE utf8_unicode_ci NOT NULL,
  `MaSP` varchar(10) COLLATE utf8_unicode_ci NOT NULL,
  `SoLuong` int(11) NOT NULL,
  `DonGia` float NOT NULL
) ENGINE=InnoDB DEFAULT CHARSET=utf8 COLLATE=utf8_unicode_ci;

--
-- Đang đổ dữ liệu cho bảng `chitiethoadon`
--

INSERT INTO `chitiethoadon` (`MaHD`, `MaSP`, `SoLuong`, `DonGia`) VALUES
('HD2', 'SP6', 10, 20),
('HD2', 'SP1', 2, 20),
('HD1', 'SP1', 1, 20),
('HD3', 'SP4', 1, 15),
('HD3', 'SP6', 1, 20),
('HD1', 'SP2', 10, 8.2),
('HD1', 'SP3', 11, 15),
('HD4', 'SP1', 3, 20);

-- --------------------------------------------------------

--
-- Cấu trúc bảng cho bảng `chitietphieunhap`
--

CREATE TABLE `chitietphieunhap` (
  `MaPN` varchar(10) COLLATE utf8_unicode_ci NOT NULL,
  `MaSP` varchar(10) COLLATE utf8_unicode_ci NOT NULL,
  `SoLuong` int(10) UNSIGNED NOT NULL,
  `DonGia` float UNSIGNED NOT NULL
) ENGINE=InnoDB DEFAULT CHARSET=utf8 COLLATE=utf8_unicode_ci;

-- --------------------------------------------------------

--
-- Cấu trúc bảng cho bảng `hoadon`
--

CREATE TABLE `hoadon` (
  `MaHD` varchar(10) COLLATE utf8_unicode_ci NOT NULL,
  `MaNV` varchar(10) COLLATE utf8_unicode_ci NOT NULL,
  `MaKH` varchar(10) COLLATE utf8_unicode_ci NOT NULL,
  `MaKM` varchar(10) COLLATE utf8_unicode_ci NOT NULL,
  `NgayLap` date NOT NULL,
  `GioLap` time NOT NULL,
  `TongTien` float NOT NULL
) ENGINE=InnoDB DEFAULT CHARSET=utf8 COLLATE=utf8_unicode_ci;

--
-- Đang đổ dữ liệu cho bảng `hoadon`
--

INSERT INTO `hoadon` (`MaHD`, `MaNV`, `MaKH`, `MaKM`, `NgayLap`, `GioLap`, `TongTien`) VALUES
('HD1', 'NV2', 'KH2', 'KM1', '2019-04-18', '22:45:52', 267),
('HD2', 'NV1', 'KH1', 'Không', '2019-04-18', '23:15:36', 240),
('HD3', 'NV1', 'KH1', 'Không', '2019-04-19', '18:44:34', 35),
('HD4', 'NV1', 'KH1', 'Không', '2019-04-21', '12:13:48', 60);

-- --------------------------------------------------------

--
-- Cấu trúc bảng cho bảng `khachhang`
--

CREATE TABLE `khachhang` (
  `MaKH` varchar(10) COLLATE utf8_unicode_ci NOT NULL,
  `TenKH` varchar(50) COLLATE utf8_unicode_ci NOT NULL,
  `DiaChi` varchar(100) COLLATE utf8_unicode_ci NOT NULL,
  `SDT` varchar(15) COLLATE utf8_unicode_ci NOT NULL,
  `TrangThai` int(11) NOT NULL
) ENGINE=InnoDB DEFAULT CHARSET=utf8 COLLATE=utf8_unicode_ci;

--
-- Đang đổ dữ liệu cho bảng `khachhang`
--

INSERT INTO `khachhang` (`MaKH`, `TenKH`, `DiaChi`, `SDT`, `TrangThai`) VALUES
('KH1', 'Trần Văn Hoàng', 'TP HCM', '0123456789', 0),
('KH2', 'Nguyễn Thiên Hữu', 'Huế', '0126461589', 0);

-- --------------------------------------------------------

--
-- Cấu trúc bảng cho bảng `khuyenmai`
--

CREATE TABLE `khuyenmai` (
  `MaKM` varchar(10) COLLATE utf8_unicode_ci NOT NULL,
  `TenKM` varchar(100) COLLATE utf8_unicode_ci NOT NULL,
  `DieuKienKM` float NOT NULL,
  `PhanTramKM` float NOT NULL,
  `NgayBD` date DEFAULT NULL,
  `NgayKT` date DEFAULT NULL
) ENGINE=InnoDB DEFAULT CHARSET=utf8 COLLATE=utf8_unicode_ci;

--
-- Đang đổ dữ liệu cho bảng `khuyenmai`
--

INSERT INTO `khuyenmai` (`MaKM`, `TenKM`, `DieuKienKM`, `PhanTramKM`, `NgayBD`, `NgayKT`) VALUES
('Không', 'Không khuyến mãi', 0, 0, '0000-00-00', '0000-00-00'),
('KM1', 'Giảm giá nhân ngày 30/4', 5, 5, '2019-04-28', '2019-05-02');

-- --------------------------------------------------------

--
-- Cấu trúc bảng cho bảng `loaisanpham`
--

CREATE TABLE `loaisanpham` (
  `MaLSP` varchar(10) COLLATE utf8_unicode_ci NOT NULL,
  `TenLSP` varchar(70) COLLATE utf8_unicode_ci NOT NULL,
  `Mota` varchar(200) COLLATE utf8_unicode_ci NOT NULL
) ENGINE=InnoDB DEFAULT CHARSET=utf8 COLLATE=utf8_unicode_ci;

--
-- Đang đổ dữ liệu cho bảng `loaisanpham`
--

INSERT INTO `loaisanpham` (`MaLSP`, `TenLSP`, `Mota`) VALUES
('LSP1', 'Apple', 'Các sản phẩm của Apple'),
('LSP2', 'Oppo', 'Camara Selphi cuc chat tu Oppo'),
('LSP3', 'SamSung', 'Khuyen mai lon tu SamSung'),
('LSP4', 'Phillip', 'Cac san pham tuyet dep tu Phillip'),
('LSP5', 'ahihi', 'Test ahihi 235456'),
('LSP6', 'Blackbery', 'BlackBery is the best');

-- --------------------------------------------------------

--
-- Cấu trúc bảng cho bảng `nhacungcap`
--

CREATE TABLE `nhacungcap` (
  `MaNCC` varchar(10) COLLATE utf8_unicode_ci NOT NULL,
  `TenNCC` varchar(70) COLLATE utf8_unicode_ci NOT NULL,
  `DiaChi` varchar(100) COLLATE utf8_unicode_ci NOT NULL,
  `SDT` varchar(15) COLLATE utf8_unicode_ci NOT NULL,
  `Fax` varchar(30) COLLATE utf8_unicode_ci DEFAULT NULL
) ENGINE=InnoDB DEFAULT CHARSET=utf8 COLLATE=utf8_unicode_ci;

--
-- Đang đổ dữ liệu cho bảng `nhacungcap`
--

INSERT INTO `nhacungcap` (`MaNCC`, `TenNCC`, `DiaChi`, `SDT`, `Fax`) VALUES
('NCC1', 'Cty Samsung', 'tp hcm', '0123456789', '4598-8789-8789-7897');

-- --------------------------------------------------------

--
-- Cấu trúc bảng cho bảng `nhanvien`
--

CREATE TABLE `nhanvien` (
  `MaNV` varchar(10) COLLATE utf8_unicode_ci NOT NULL,
  `TenNV` text COLLATE utf8_unicode_ci NOT NULL,
  `NgaySinh` date NOT NULL,
  `DiaChi` varchar(100) COLLATE utf8_unicode_ci NOT NULL,
  `SDT` varchar(15) COLLATE utf8_unicode_ci NOT NULL,
  `TrangThai` int(11) NOT NULL
) ENGINE=InnoDB DEFAULT CHARSET=utf8 COLLATE=utf8_unicode_ci;

--
-- Đang đổ dữ liệu cho bảng `nhanvien`
--

INSERT INTO `nhanvien` (`MaNV`, `TenNV`, `NgaySinh`, `DiaChi`, `SDT`, `TrangThai`) VALUES
('NV1', 'Phan Trí Dũng', '1978-04-05', 'Đà Nẵng', '0145647854', 0),
('NV2', 'Trần Văn Hi', '1999-04-05', 'TP HCM', '0123456489', 0),
('NV3', 'Nguyễn Bá Được', '1998-04-05', 'Hà Nội', '0128456786', 1),
('NV4', 'Trần Văn Hoàng', '1999-11-12', 'TP HCM', '01207764668', 0);

-- --------------------------------------------------------

--
-- Cấu trúc bảng cho bảng `phanquyen`
--

CREATE TABLE `phanquyen` (
  `MaQuyen` varchar(10) COLLATE utf8_unicode_ci NOT NULL,
  `TenQuyen` varchar(20) COLLATE utf8_unicode_ci NOT NULL,
  `ChiTietQuyen` varchar(100) COLLATE utf8_unicode_ci NOT NULL
) ENGINE=InnoDB DEFAULT CHARSET=utf8 COLLATE=utf8_unicode_ci;

--
-- Đang đổ dữ liệu cho bảng `phanquyen`
--

INSERT INTO `phanquyen` (`MaQuyen`, `TenQuyen`, `ChiTietQuyen`) VALUES
('Q1', 'Admin', '1 2 3'),
('Q2', 'Nhân viên', '2 3'),
('Q3', 'Seller', '2 3 4');

-- --------------------------------------------------------

--
-- Cấu trúc bảng cho bảng `phieunhap`
--

CREATE TABLE `phieunhap` (
  `MaPN` varchar(10) COLLATE utf8_unicode_ci NOT NULL,
  `MaNCC` varchar(10) COLLATE utf8_unicode_ci NOT NULL,
  `MaNV` varchar(10) COLLATE utf8_unicode_ci NOT NULL,
  `NgayNhap` date NOT NULL,
  `GioNhap` time NOT NULL,
  `TongTien` float NOT NULL
) ENGINE=InnoDB DEFAULT CHARSET=utf8 COLLATE=utf8_unicode_ci;

-- --------------------------------------------------------

--
-- Cấu trúc bảng cho bảng `sanpham`
--

CREATE TABLE `sanpham` (
  `MaSP` varchar(10) COLLATE utf8_unicode_ci NOT NULL,
  `MaLSP` varchar(30) COLLATE utf8_unicode_ci NOT NULL,
  `TenSP` varchar(70) COLLATE utf8_unicode_ci NOT NULL,
  `DonGia` float NOT NULL,
  `SoLuong` int(10) UNSIGNED NOT NULL DEFAULT '1',
  `HinhAnh` varchar(200) COLLATE utf8_unicode_ci NOT NULL,
  `TrangThai` int(11) NOT NULL
) ENGINE=InnoDB DEFAULT CHARSET=utf8 COLLATE=utf8_unicode_ci;

--
-- Đang đổ dữ liệu cho bảng `sanpham`
--

INSERT INTO `sanpham` (`MaSP`, `MaLSP`, `TenSP`, `DonGia`, `SoLuong`, `HinhAnh`, `TrangThai`) VALUES
('SP1', 'LSP1', 'IPhone X', 20, 97, 'iphone-xr-128gb-red-400x400.jpg', 0),
('SP2', 'LSP2', 'Oppo R5', 8.2, 70, 'iphone-xr-256gb-white-400x400.jpg', 0),
('SP3', 'LSP3', 'Samsung Nokia', 15, 0, 'iphone-xr-black-400x400.jpg', 0),
('SP4', 'LSP4', 'Phillip 756', 15, 149, 'oppo-f11-mtp-400x400.jpg', 0),
('SP5', 'LSP1', 'Iphone 6', 12, 58, 'samsung-galaxy-a30-blue-400x400.jpg', 0),
('SP6', 'LSP4', 'Phillip new 2015', 20, 55, 'samsung-galaxy-a50-128gb-blue-docquyen-400x400.jpg', 0),
('SP7', 'LSP2', 'Oppo NEO 3', 15.4, 100, 'oppo-a7-32gb-gold-400x400.jpg', 0);

-- --------------------------------------------------------

--
-- Cấu trúc bảng cho bảng `taikhoan`
--

CREATE TABLE `taikhoan` (
  `TenTaiKhoan` varchar(50) COLLATE utf8_unicode_ci NOT NULL,
  `MatKhau` varchar(50) COLLATE utf8_unicode_ci NOT NULL,
  `MaNV` varchar(10) COLLATE utf8_unicode_ci NOT NULL,
  `MaQuyen` varchar(10) COLLATE utf8_unicode_ci NOT NULL
) ENGINE=InnoDB DEFAULT CHARSET=utf8 COLLATE=utf8_unicode_ci;

--
-- Đang đổ dữ liệu cho bảng `taikhoan`
--

INSERT INTO `taikhoan` (`TenTaiKhoan`, `MatKhau`, `MaNV`, `MaQuyen`) VALUES
('HIenCUTE', '04102015', 'NV1', 'Q2'),
('Hoang016', 'abcde', 'NV2', 'Q2'),
('HoangCUTE', '1213141516', 'NV3', 'Q2');

--
-- Chỉ mục cho các bảng đã đổ
--

--
-- Chỉ mục cho bảng `chitiethoadon`
--
ALTER TABLE `chitiethoadon`
  ADD KEY `MaSP` (`MaSP`),
  ADD KEY `MaHD` (`MaHD`);

--
-- Chỉ mục cho bảng `chitietphieunhap`
--
ALTER TABLE `chitietphieunhap`
  ADD KEY `MaSP` (`MaSP`),
  ADD KEY `MaPN` (`MaPN`);

--
-- Chỉ mục cho bảng `hoadon`
--
ALTER TABLE `hoadon`
  ADD PRIMARY KEY (`MaHD`),
  ADD KEY `MaNV` (`MaNV`),
  ADD KEY `MaKH` (`MaKH`),
  ADD KEY `MaKM` (`MaKM`);

--
-- Chỉ mục cho bảng `khachhang`
--
ALTER TABLE `khachhang`
  ADD PRIMARY KEY (`MaKH`);

--
-- Chỉ mục cho bảng `khuyenmai`
--
ALTER TABLE `khuyenmai`
  ADD PRIMARY KEY (`MaKM`);

--
-- Chỉ mục cho bảng `loaisanpham`
--
ALTER TABLE `loaisanpham`
  ADD PRIMARY KEY (`MaLSP`);

--
-- Chỉ mục cho bảng `nhacungcap`
--
ALTER TABLE `nhacungcap`
  ADD PRIMARY KEY (`MaNCC`);

--
-- Chỉ mục cho bảng `nhanvien`
--
ALTER TABLE `nhanvien`
  ADD PRIMARY KEY (`MaNV`);

--
-- Chỉ mục cho bảng `phanquyen`
--
ALTER TABLE `phanquyen`
  ADD PRIMARY KEY (`MaQuyen`);

--
-- Chỉ mục cho bảng `phieunhap`
--
ALTER TABLE `phieunhap`
  ADD PRIMARY KEY (`MaPN`),
  ADD KEY `MaNCC` (`MaNCC`),
  ADD KEY `MaNV` (`MaNV`);

--
-- Chỉ mục cho bảng `sanpham`
--
ALTER TABLE `sanpham`
  ADD PRIMARY KEY (`MaSP`),
  ADD KEY `LoaiSP` (`MaLSP`);

--
-- Chỉ mục cho bảng `taikhoan`
--
ALTER TABLE `taikhoan`
  ADD PRIMARY KEY (`TenTaiKhoan`),
  ADD KEY `MaQuyen` (`MaQuyen`),
  ADD KEY `MaNV` (`MaNV`);

--
-- Các ràng buộc cho các bảng đã đổ
--

--
-- Các ràng buộc cho bảng `chitiethoadon`
--
ALTER TABLE `chitiethoadon`
  ADD CONSTRAINT `chitiethoadon_ibfk_1` FOREIGN KEY (`MaHD`) REFERENCES `hoadon` (`MaHD`) ON UPDATE CASCADE,
  ADD CONSTRAINT `chitiethoadon_ibfk_2` FOREIGN KEY (`MaSP`) REFERENCES `sanpham` (`MaSP`) ON UPDATE CASCADE;

--
-- Các ràng buộc cho bảng `chitietphieunhap`
--
ALTER TABLE `chitietphieunhap`
  ADD CONSTRAINT `chitietphieunhap_ibfk_2` FOREIGN KEY (`MaSP`) REFERENCES `sanpham` (`MaSP`) ON UPDATE CASCADE,
  ADD CONSTRAINT `chitietphieunhap_ibfk_3` FOREIGN KEY (`MaPN`) REFERENCES `phieunhap` (`MaPN`) ON UPDATE CASCADE;

--
-- Các ràng buộc cho bảng `hoadon`
--
ALTER TABLE `hoadon`
  ADD CONSTRAINT `hoadon_ibfk_1` FOREIGN KEY (`MaKH`) REFERENCES `khachhang` (`MaKH`) ON UPDATE CASCADE,
  ADD CONSTRAINT `hoadon_ibfk_2` FOREIGN KEY (`MaNV`) REFERENCES `nhanvien` (`MaNV`) ON UPDATE CASCADE;

--
-- Các ràng buộc cho bảng `phieunhap`
--
ALTER TABLE `phieunhap`
  ADD CONSTRAINT `phieunhap_ibfk_1` FOREIGN KEY (`MaNCC`) REFERENCES `nhacungcap` (`MaNCC`) ON UPDATE CASCADE,
  ADD CONSTRAINT `phieunhap_ibfk_2` FOREIGN KEY (`MaNV`) REFERENCES `nhanvien` (`MaNV`) ON UPDATE CASCADE;

--
-- Các ràng buộc cho bảng `sanpham`
--
ALTER TABLE `sanpham`
  ADD CONSTRAINT `sanpham_ibfk_1` FOREIGN KEY (`MaLSP`) REFERENCES `loaisanpham` (`MaLSP`) ON UPDATE CASCADE;

--
-- Các ràng buộc cho bảng `taikhoan`
--
ALTER TABLE `taikhoan`
  ADD CONSTRAINT `taikhoan_ibfk_2` FOREIGN KEY (`MaNV`) REFERENCES `nhanvien` (`MaNV`) ON UPDATE CASCADE,
  ADD CONSTRAINT `taikhoan_ibfk_3` FOREIGN KEY (`MaQuyen`) REFERENCES `phanquyen` (`MaQuyen`) ON UPDATE CASCADE;
COMMIT;

/*!40101 SET CHARACTER_SET_CLIENT=@OLD_CHARACTER_SET_CLIENT */;
/*!40101 SET CHARACTER_SET_RESULTS=@OLD_CHARACTER_SET_RESULTS */;
/*!40101 SET COLLATION_CONNECTION=@OLD_COLLATION_CONNECTION */;
